{"mean_reward": 256.65277000000003, "std_reward": 18.45577864149245, "is_deterministic": true, "n_eval_episodes": 10, "eval_datetime": "2025-07-04T04:33:46.175835"}