{
    "name": "root",
    "gauges": {
        "Huggy.Policy.Entropy.mean": {
            "value": 1.4087426662445068,
            "min": 1.4087426662445068,
            "max": 1.4272007942199707,
            "count": 40
        },
        "Huggy.Policy.Entropy.sum": {
            "value": 72031.828125,
            "min": 68644.53125,
            "max": 76790.734375,
            "count": 40
        },
        "Huggy.Environment.EpisodeLength.mean": {
            "value": 81.12151067323481,
            "min": 80.30243902439024,
            "max": 379.5,
            "count": 40
        },
        "Huggy.Environment.EpisodeLength.sum": {
            "value": 49403.0,
            "min": 48931.0,
            "max": 50094.0,
            "count": 40
        },
        "Huggy.Step.mean": {
            "value": 1999917.0,
            "min": 49652.0,
            "max": 1999917.0,
            "count": 40
        },
        "Huggy.Step.sum": {
            "value": 1999917.0,
            "min": 49652.0,
            "max": 1999917.0,
            "count": 40
        },
        "Huggy.Policy.ExtrinsicValueEstimate.mean": {
            "value": 2.449352979660034,
            "min": -0.005342516116797924,
            "max": 2.5117719173431396,
            "count": 40
        },
        "Huggy.Policy.ExtrinsicValueEstimate.sum": {
            "value": 1491.656005859375,
            "min": -0.6998696327209473,
            "max": 1491.656005859375,
            "count": 40
        },
        "Huggy.Environment.CumulativeReward.mean": {
            "value": 3.782448586963472,
            "min": 1.779341016789429,
            "max": 4.0402082237591035,
            "count": 40
        },
        "Huggy.Environment.CumulativeReward.sum": {
            "value": 2303.5111894607544,
            "min": 233.0936731994152,
            "max": 2382.413210809231,
            "count": 40
        },
        "Huggy.Policy.ExtrinsicReward.mean": {
            "value": 3.782448586963472,
            "min": 1.779341016789429,
            "max": 4.0402082237591035,
            "count": 40
        },
        "Huggy.Policy.ExtrinsicReward.sum": {
            "value": 2303.5111894607544,
            "min": 233.0936731994152,
            "max": 2382.413210809231,
            "count": 40
        },
        "Huggy.Losses.PolicyLoss.mean": {
            "value": 0.01577201007425578,
            "min": 0.013840611541915375,
            "max": 0.01947549778657655,
            "count": 40
        },
        "Huggy.Losses.PolicyLoss.sum": {
            "value": 0.04731603022276734,
            "min": 0.02768122308383075,
            "max": 0.058426493359729645,
            "count": 40
        },
        "Huggy.Losses.ValueLoss.mean": {
            "value": 0.0629163794633415,
            "min": 0.022325276614477238,
            "max": 0.06322479459146658,
            "count": 40
        },
        "Huggy.Losses.ValueLoss.sum": {
            "value": 0.1887491383900245,
            "min": 0.044650553228954476,
            "max": 0.1887491383900245,
            "count": 40
        },
        "Huggy.Policy.LearningRate.mean": {
            "value": 3.7036987654666617e-06,
            "min": 3.7036987654666617e-06,
            "max": 0.000295336426554525,
            "count": 40
        },
        "Huggy.Policy.LearningRate.sum": {
            "value": 1.1111096296399985e-05,
            "min": 1.1111096296399985e-05,
            "max": 0.0008438988187003998,
            "count": 40
        },
        "Huggy.Policy.Epsilon.mean": {
            "value": 0.10123453333333332,
            "min": 0.10123453333333332,
            "max": 0.19844547499999995,
            "count": 40
        },
        "Huggy.Policy.Epsilon.sum": {
            "value": 0.30370359999999996,
            "min": 0.20763779999999993,
            "max": 0.5812995999999999,
            "count": 40
        },
        "Huggy.Policy.Beta.mean": {
            "value": 7.160321333333327e-05,
            "min": 7.160321333333327e-05,
            "max": 0.0049224292025,
            "count": 40
        },
        "Huggy.Policy.Beta.sum": {
            "value": 0.00021480963999999982,
            "min": 0.00021480963999999982,
            "max": 0.014066850040000002,
            "count": 40
        },
        "Huggy.IsTraining.mean": {
            "value": 1.0,
            "min": 1.0,
            "max": 1.0,
            "count": 40
        },
        "Huggy.IsTraining.sum": {
            "value": 1.0,
            "min": 1.0,
            "max": 1.0,
            "count": 40
        }
    },
    "metadata": {
        "timer_format_version": "0.1.0",
        "start_time_seconds": "1751609214",
        "python_version": "3.10.12 (main, Jul  5 2023, 18:54:27) [GCC 11.2.0]",
        "command_line_arguments": "/usr/local/bin/mlagents-learn ./config/ppo/Huggy.yaml --env=./trained-envs-executables/linux/Huggy/Huggy --run-id=Huggy2 --no-graphics",
        "mlagents_version": "1.2.0.dev0",
        "mlagents_envs_version": "1.2.0.dev0",
        "communication_protocol_version": "1.5.0",
        "pytorch_version": "2.7.1+cu126",
        "numpy_version": "1.23.5",
        "end_time_seconds": "1751611668"
    },
    "total": 2453.5657032420004,
    "count": 1,
    "self": 0.44150723200073116,
    "children": {
        "run_training.setup": {
            "total": 0.022684914000137724,
            "count": 1,
            "self": 0.022684914000137724
        },
        "TrainerController.start_learning": {
            "total": 2453.1015110959997,
            "count": 1,
            "self": 4.123127452962308,
            "children": {
                "TrainerController._reset_env": {
                    "total": 3.188190172000077,
                    "count": 1,
                    "self": 3.188190172000077
                },
                "TrainerController.advance": {
                    "total": 2445.6757085350373,
                    "count": 232759,
                    "self": 4.527401480970184,
                    "children": {
                        "env_step": {
                            "total": 1933.1653030910659,
                            "count": 232759,
                            "self": 1535.1926423769642,
                            "children": {
                                "SubprocessEnvManager._take_step": {
                                    "total": 395.2933464000371,
                                    "count": 232759,
                                    "self": 15.329292426009488,
                                    "children": {
                                        "TorchPolicy.evaluate": {
                                            "total": 379.9640539740276,
                                            "count": 223002,
                                            "self": 379.9640539740276
                                        }
                                    }
                                },
                                "workers": {
                                    "total": 2.6793143140646407,
                                    "count": 232759,
                                    "self": 0.0,
                                    "children": {
                                        "worker_root": {
                                            "total": 2445.943354870005,
                                            "count": 232759,
                                            "is_parallel": true,
                                            "self": 1189.3219935280313,
                                            "children": {
                                                "run_training.setup": {
                                                    "total": 0.0,
                                                    "count": 0,
                                                    "is_parallel": true,
                                                    "self": 0.0,