{"mean_reward": -0.18901889882981776, "std_reward": 0.10904694136669336, "is_deterministic": true, "n_eval_episodes": 10, "eval_datetime": "2025-07-19T22:35:02.699922"}